{"nodes":{"node:1":{"location":{"x":0,"y":0}},"node:2":{"location":{"x":0,"y":0}}},"selection":null,"view":{"scroll":{"x":-682.72637939453125,"y":-367.31048583984375},"visible_rect":{"max":{"x":7147.6396484375,"y":3939.18505859375},"min":{"x":-5245.6416015625,"y":-2822.18359375}},"zoom":0.130151167511940002}}