{"nodes":null,"selection":null,"view":{"scroll":{"x":-1989.455322265625,"y":-543.9788818359375},"visible_rect":{"max":{"x":-381.60308837890625,"y":309.38604736328125},"min":{"x":-1831.759033203125,"y":-500.85980224609375}},"zoom":1.086090087890625}}