{"nodes":{"node:1":{"location":{"x":979,"y":558}}},"selection":null,"view":{"scroll":{"x":-720.8638916015625,"y":-389.70794677734375},"visible_rect":{"max":{"x":9907.291015625,"y":5444.7587890625},"min":{"x":-8005.2900390625,"y":-4327.7587890625}},"zoom":0.0900484398007392883}}