{"nodes":null,"selection":null,"view":{"scroll":{"x":-1772.25,"y":-525.18890380859375},"visible_rect":{"max":{"x":-221.67333984375,"y":398.7435302734375},"min":{"x":-1991.6885986328125,"y":-590.2174072265625}},"zoom":0.889822781085968018}}