{"nodes":null,"selection":null,"view":{"scroll":{"x":-1638.3204345703125,"y":-515.765625},"visible_rect":{"max":{"x":-143.191009521484375,"y":460.24432373046875},"min":{"x":-2070.171630859375,"y":-651.71832275390625}},"zoom":0.791393518447875977}}