{"nodes":null,"selection":null,"view":{"scroll":{"x":-1623.06787109375,"y":-514.4462890625},"visible_rect":{"max":{"x":-126.114219665527344,"y":470.098114013671875},"min":{"x":-2087.247802734375,"y":-661.57232666015625}},"zoom":0.777611494064331055}}