{"nodes":null,"selection":null,"view":{"scroll":{"x":-714.31689453125,"y":-385.863006591796875},"visible_rect":{"max":{"x":9271.2001953125,"y":5097.7294921875},"min":{"x":-7369.19970703125,"y":-3980.728271484375}},"zoom":0.0969327613711357117}}